Date,Open,High,Low,Close,Volume
2021-01-04,30.459999084472656,30.56999969482422,29.75,30.030000686645508,51483900.0
2021-01-05,30.170000076293945,30.540000915527344,29.90999984741211,30.260000228881836,48507000.0
2021-01-06,31.899999618530273,32.619998931884766,31.360000610351562,32.150001525878906,107002800.0
2021-01-07,33.310001373291016,33.619998931884766,32.84000015258789,32.86000061035156,74358500.0
2021-01-08,32.91999816894531,33.0,32.11000061035156,32.529998779296875,44641400.0
2021-01-11,32.09000015258789,33.130001068115234,31.899999618530273,33.06999969482422,51868200.0
2021-01-12,33.41999816894531,33.970001220703125,33.20000076293945,33.65999984741211,68166200.0
2021-01-13,33.43000030517578,33.68000030517578,33.09000015258789,33.459999084472656,43172800.0
2021-01-14,33.47999954223633,34.369998931884766,33.41999816894531,33.9900016784668,48483500.0
2021-01-15,33.290000915527344,33.630001068115234,32.70000076293945,33.0099983215332,57684300.0
2021-01-19,32.5,33.599998474121094,32.20000076293945,32.77000045776367,78130200.0
2021-01-20,32.7599983215332,32.790000915527344,32.15999984741211,32.34000015258789,53920000.0
2021-01-21,32.34000015258789,32.47999954223633,31.729999542236328,31.770000457763672,49626600.0
2021-01-22,31.360000610351562,31.75,31.25,31.549999237060547,45314500.0
2021-01-25,31.270000457763672,31.299999237060547,30.56999969482422,31.15999984741211,48078400.0
2021-01-26,31.399999618530273,31.43000030517578,30.90999984741211,30.940000534057617,36373000.0
2021-01-27,30.309999465942383,30.43000030517578,29.670000076293945,29.829999923706055,63809200.0
2021-01-28,30.420000076293945,30.75,29.920000076293945,30.31999969482422,51223300.0
2021-01-29,30.399999618530273,30.5,29.59000015258789,29.649999618530273,64019100.0
2021-02-01,29.8700008392334,30.040000915527344,29.56999969482422,29.959999084472656,40985300.0
2021-02-02,30.579999923706055,31.200000762939453,30.540000915527344,31.030000686645508,53527000.0
2021-02-03,30.90999984741211,31.729999542236328,30.8799991607666,31.579999923706055,49404900.0
2021-02-04,31.799999237060547,32.529998779296875,31.780000686645508,32.5,51751900.0
2021-02-05,32.88999938964844,32.90999984741211,32.31999969482422,32.369998931884766,42008800.0
2021-02-08,32.43000030517578,33.279998779296875,32.400001525878906,33.09000015258789,46014100.0
2021-02-09,32.970001220703125,33.02000045776367,32.59000015258789,32.95000076293945,35868600.0
2021-02-10,33.119998931884766,33.41999816894531,32.86000061035156,32.97999954223633,45031900.0
2021-02-11,32.970001220703125,33.310001373291016,32.54999923706055,32.880001068115234,29479900.0
2021-02-12,33.0,33.45000076293945,32.90999984741211,33.369998931884766,37468300.0
2021-02-16,33.97999954223633,34.560001373291016,33.70000076293945,34.27000045776367,52802600.0
2021-02-17,34.040000915527344,34.560001373291016,33.790000915527344,34.40999984741211,45455300.0
2021-02-18,34.060001373291016,34.650001525878906,34.02000045776367,34.189998626708984,37541700.0
2021-02-19,34.20000076293945,34.72999954223633,34.18000030517578,34.540000915527344,54514100.0
2021-02-22,34.45000076293945,35.25,34.40999984741211,35.150001525878906,56783400.0
2021-02-23,35.41999816894531,35.88999938964844,35.13999938964844,35.52000045776367,67440700.0
2021-02-24,35.7400016784668,36.52000045776367,35.599998474121094,36.380001068115234,58139500.0
2021-02-25,36.959999084472656,37.029998779296875,35.7599983215332,35.93000030517578,74762000.0
2021-02-26,35.72999954223633,36.029998779296875,34.68000030517578,34.709999084472656,70933300.0
2021-03-01,35.52000045776367,36.04999923706055,35.2400016784668,35.790000915527344,45901700.0
2021-03-02,35.650001525878906,35.939998626708984,35.5,35.529998779296875,41167400.0
2021-03-03,35.970001220703125,36.970001220703125,35.84000015258789,36.41999816894531,66047000.0
2021-03-04,36.13999938964844,36.869998931884766,35.91999816894531,36.5,96512800.0
2021-03-05,37.029998779296875,37.599998474121094,36.16999816894531,36.93000030517578,74292300.0
2021-03-08,37.380001068115234,37.72999954223633,36.81999969482422,37.130001068115234,65335500.0
2021-03-09,36.54999923706055,37.15999984741211,35.810001373291016,36.31999969482422,63946000.0
2021-03-10,36.540000915527344,37.529998779296875,36.369998931884766,37.369998931884766,53365600.0
2021-03-11,37.27000045776367,37.790000915527344,36.849998474121094,37.2400016784668,45834000.0
2021-03-12,37.91999816894531,38.18000030517578,37.58000183105469,37.939998626708984,46069600.0
2021-03-15,38.029998779296875,38.06999969482422,37.220001220703125,37.75,50131600.0
2021-03-16,37.41999816894531,37.720001220703125,36.970001220703125,37.63999938964844,50300400.0
2021-03-17,38.0,38.36000061035156,37.33000183105469,37.95000076293945,63796000.0
2021-03-18,38.5099983215332,39.970001220703125,38.41999816894531,38.939998626708984,95439700.0
2021-03-19,38.290000915527344,38.91999816894531,37.529998779296875,38.529998779296875,106252700.0
2021-03-22,38.08000183105469,38.380001068115234,37.400001525878906,37.65999984741211,54701300.0
2021-03-23,37.36000061035156,37.81999969482422,36.779998779296875,36.900001525878906,49838000.0
2021-03-24,37.209999084472656,37.790000915527344,36.88999938964844,36.900001525878906,43896800.0
2021-03-25,36.869998931884766,37.75,36.630001068115234,37.65999984741211,47517900.0
2021-03-26,38.349998474121094,38.7599983215332,38.08000183105469,38.68000030517578,66846000.0
2021-03-29,38.04999923706055,38.630001068115234,37.86000061035156,38.310001373291016,45680000.0
2021-03-30,38.630001068115234,39.459999084472656,38.630001068115234,38.9900016784668,56705900.0
2021-03-31,38.619998931884766,38.9900016784668,38.459999084472656,38.689998626708984,49270000.0
2021-04-01,38.83000183105469,39.52000045776367,38.720001220703125,39.4900016784668,65587000.0
2021-04-05,40.0,40.279998779296875,39.599998474121094,39.79999923706055,50328500.0
2021-04-06,39.529998779296875,40.150001525878906,39.459999084472656,39.689998626708984,42590100.0
2021-04-07,39.77000045776367,40.150001525878906,39.59000015258789,40.04999923706055,43136400.0
2021-04-08,39.79999923706055,39.849998474121094,39.220001220703125,39.70000076293945,45285900.0
2021-04-09,39.90999984741211,40.18000030517578,39.5099983215332,39.9900016784668,45872900.0
2021-04-12,39.9900016784668,40.380001068115234,39.849998474121094,40.060001373291016,45544600.0
2021-04-13,39.810001373291016,39.81999969482422,39.20000076293945,39.31999969482422,46770400.0
2021-04-14,38.97999954223633,40.33000183105469,38.91999816894531,39.880001068115234,52023800.0
2021-04-15,39.72999954223633,39.84000015258789,38.04999923706055,38.7400016784668,118128900.0
2021-04-16,39.310001373291016,39.41999816894531,38.90999984741211,39.150001525878906,60633400.0
2021-04-19,39.38999938964844,39.43000030517578,39.029998779296875,39.16999816894531,42321100.0
2021-04-20,39.0,39.0,37.88999938964844,38.08000183105469,50834100.0
2021-04-21,37.75,38.779998779296875,37.40999984741211,38.720001220703125,37851800.0
2021-04-22,38.75,38.77000045776367,38.16999816894531,38.36000061035156,48093400.0
2021-04-23,38.31999969482422,39.34000015258789,38.220001220703125,39.18000030517578,48674100.0
2021-04-26,39.349998474121094,39.849998474121094,39.279998779296875,39.40999984741211,34699800.0
2021-04-27,39.66999816894531,39.91999816894531,39.5099983215332,39.880001068115234,34304800.0
2021-04-28,39.93000030517578,40.220001220703125,39.880001068115234,40.029998779296875,34084400.0
2021-04-29,40.54999923706055,41.130001068115234,40.459999084472656,41.11000061035156,44008700.0
2021-04-30,40.84000015258789,40.900001525878906,40.470001220703125,40.529998779296875,39203400.0
2021-05-03,40.869998931884766,41.04999923706055,40.41999816894531,40.560001373291016,41940500.0
2021-05-04,40.2400016784668,41.08000183105469,39.779998779296875,41.0,53880000.0
2021-05-05,41.20000076293945,41.560001373291016,40.7599983215332,41.38999938964844,37471100.0
2021-05-06,41.47999954223633,42.060001373291016,41.2400016784668,42.0099983215332,39044400.0
2021-05-07,41.130001068115234,42.25,41.11000061035156,42.18000030517578,39249200.0
2021-05-10,42.5,42.939998626708984,42.029998779296875,42.04999923706055,41271500.0
2021-05-11,41.54999923706055,42.34000015258789,41.34000015258789,41.56999969482422,42964700.0
2021-05-12,42.380001068115234,42.560001373291016,41.040000915527344,41.18000030517578,47533000.0
2021-05-13,40.86000061035156,42.09000015258789,40.779998779296875,41.84000015258789,42026100.0
2021-05-14,42.060001373291016,42.47999954223633,41.91999816894531,42.36000061035156,30932600.0
2021-05-17,42.2400016784668,42.849998474121094,42.15999984741211,42.7400016784668,32656400.0
2021-05-18,42.70000076293945,42.95000076293945,42.13999938964844,42.15999984741211,37880300.0
2021-05-19,41.650001525878906,42.0,41.310001373291016,41.970001220703125,42672800.0
2021-05-20,41.900001525878906,42.130001068115234,41.459999084472656,41.869998931884766,36871100.0
2021-05-21,42.02000045776367,42.599998474121094,41.88999938964844,42.400001525878906,40243800.0
2021-05-24,42.58000183105469,42.779998779296875,42.25,42.630001068115234,31390800.0
2021-05-25,42.689998626708984,43.2599983215332,41.93000030517578,42.0099983215332,52657700.0
2021-05-26,42.02000045776367,42.25,41.65999984741211,42.040000915527344,41332800.0
2021-05-27,42.47999954223633,42.849998474121094,42.119998931884766,42.54999923706055,52981100.0
2021-05-28,42.65999984741211,42.709999084472656,42.04999923706055,42.38999938964844,38509700.0
2021-06-01,42.95000076293945,43.279998779296875,42.77000045776367,42.91999816894531,42890700.0
2021-06-02,43.099998474121094,43.16999816894531,42.599998474121094,42.939998626708984,34180500.0
2021-06-03,42.77000045776367,43.4900016784668,42.68000030517578,43.25,46981200.0
2021-06-04,43.2400016784668,43.38999938964844,42.83000183105469,43.27000045776367,37192600.0
2021-06-07,43.27000045776367,43.38999938964844,43.060001373291016,43.119998931884766,28401900.0
2021-06-08,42.86000061035156,43.2400016784668,42.43000030517578,42.880001068115234,41871400.0
2021-06-09,42.470001220703125,42.72999954223633,42.11000061035156,42.31999969482422,42366300.0
2021-06-10,42.7599983215332,42.959999084472656,41.619998931884766,41.689998626708984,40123600.0
2021-06-11,41.810001373291016,41.88999938964844,41.5099983215332,41.86000061035156,31203600.0
2021-06-14,41.849998474121094,41.90999984741211,41.060001373291016,41.36000061035156,36050700.0
2021-06-15,41.279998779296875,41.560001373291016,40.900001525878906,41.38999938964844,39247900.0
2021-06-16,41.279998779296875,41.9900016784668,40.66999816894531,41.619998931884766,63859100.0
2021-06-17,42.02000045776367,42.099998474121094,39.720001220703125,39.79999923706055,80728200.0
2021-06-18,39.0099983215332,39.29999923706055,38.4900016784668,38.779998779296875,102774200.0
2021-06-21,39.119998931884766,39.779998779296875,39.029998779296875,39.75,48119400.0
2021-06-22,39.880001068115234,40.2599983215332,39.279998779296875,39.970001220703125,44113200.0
2021-06-23,40.15999984741211,40.41999816894531,40.06999969482422,40.20000076293945,32039900.0
2021-06-24,40.439998626708984,41.0099983215332,40.18000030517578,40.83000183105469,37161800.0
2021-06-25,41.27000045776367,41.83000183105469,40.84000015258789,41.619998931884766,53178800.0
2021-06-28,41.459999084472656,41.58000183105469,41.099998474121094,41.560001373291016,34416500.0
2021-06-29,41.630001068115234,41.95000076293945,40.75,40.88999938964844,38519600.0
2021-06-30,40.7599983215332,41.36000061035156,40.720001220703125,41.22999954223633,29159800.0
2021-07-01,41.560001373291016,41.70000076293945,41.209999084472656,41.540000915527344,28045100.0
2021-07-02,41.369998931884766,41.470001220703125,41.099998474121094,41.150001525878906,28980800.0
2021-07-06,40.810001373291016,40.880001068115234,39.869998931884766,40.06999969482422,47578700.0
2021-07-07,39.56999969482422,40.0,39.36000061035156,39.75,43499900.0
2021-07-08,38.619998931884766,39.2400016784668,38.47999954223633,38.779998779296875,52793100.0
2021-07-09,39.650001525878906,40.2400016784668,39.400001525878906,40.040000915527344,43887200.0
2021-07-12,39.790000915527344,40.810001373291016,39.63999938964844,40.630001068115234,42624500.0
2021-07-13,40.47999954223633,40.47999954223633,39.58000183105469,39.86000061035156,54338100.0
2021-07-14,39.11000061035156,39.54999923706055,37.790000915527344,38.86000061035156,105651700.0
2021-07-15,38.38999938964844,39.33000183105469,38.31999969482422,38.83000183105469,54697300.0
2021-07-16,39.220001220703125,39.290000915527344,37.59000015258789,37.91999816894531,60469700.0
2021-07-19,36.75,37.25,36.5099983215332,36.93000030517578,83251500.0
2021-07-20,36.86000061035156,38.119998931884766,36.61000061035156,37.689998626708984,59462900.0
2021-07-21,38.04999923706055,38.77000045776367,37.97999954223633,38.459999084472656,49907400.0
2021-07-22,38.36000061035156,38.400001525878906,37.68000030517578,37.959999084472656,52715600.0
2021-07-23,38.20000076293945,38.27000045776367,37.560001373291016,37.70000076293945,48659400.0
2021-07-26,37.65999984741211,38.2400016784668,37.65999984741211,38.130001068115234,32258000.0
2021-07-27,37.720001220703125,38.2400016784668,37.459999084472656,37.97999954223633,39121400.0
2021-07-28,38.189998626708984,38.5,37.75,38.130001068115234,43331100.0
2021-07-29,38.54999923706055,38.97999954223633,38.369998931884766,38.68000030517578,43039100.0
2021-07-30,38.5099983215332,38.83000183105469,38.04999923706055,38.36000061035156,46210100.0
2021-08-02,38.400001525878906,38.95000076293945,37.90999984741211,37.959999084472656,49894000.0
2021-08-03,38.060001373291016,38.630001068115234,37.54999923706055,38.54999923706055,39680600.0
2021-08-04,38.029998779296875,38.77000045776367,37.86000061035156,38.27000045776367,42289800.0
2021-08-05,38.56999969482422,39.060001373291016,38.54999923706055,39.02000045776367,34754500.0
2021-08-06,39.470001220703125,40.40999984741211,39.470001220703125,40.150001525878906,58022300.0
2021-08-09,40.04999923706055,40.959999084472656,39.79999923706055,40.66999816894531,56340100.0
2021-08-10,40.709999084472656,41.619998931884766,40.58000183105469,41.43000030517578,44987300.0
2021-08-11,41.599998474121094,42.189998626708984,41.47999954223633,41.95000076293945,58458200.0
2021-08-12,42.22999954223633,42.290000915527344,41.77000045776367,42.150001525878906,37400100.0
2021-08-13,42.09000015258789,42.22999954223633,41.43000030517578,41.630001068115234,41344900.0
2021-08-16,41.15999984741211,41.29999923706055,40.61000061035156,41.290000915527344,38599100.0
2021-08-17,41.04999923706055,41.56999969482422,40.619998931884766,41.09000015258789,43526900.0
2021-08-18,40.77000045776367,41.529998779296875,40.65999984741211,40.790000915527344,50342500.0
2021-08-19,40.119998931884766,40.66999816894531,40.0099983215332,40.189998626708984,51883900.0
2021-08-20,40.09000015258789,40.470001220703125,39.90999984741211,40.369998931884766,40415000.0
2021-08-23,40.630001068115234,41.099998474121094,40.599998474121094,40.90999984741211,35364500.0
2021-08-24,41.099998474121094,41.68000030517578,41.040000915527344,41.47999954223633,35579300.0
2021-08-25,41.65999984741211,42.45000076293945,41.540000915527344,42.150001525878906,51219900.0
2021-08-26,42.5,42.84000015258789,42.02000045776367,42.040000915527344,41184500.0
2021-08-27,42.119998931884766,42.650001525878906,41.939998626708984,42.4900016784668,46468600.0
2021-08-30,42.630001068115234,42.630001068115234,41.630001068115234,41.65999984741211,44855600.0
2021-08-31,41.66999816894531,42.06999969482422,41.36000061035156,41.75,54654600.0
2021-09-01,41.75,41.779998779296875,41.029998779296875,41.189998626708984,52361900.0
2021-09-02,41.11000061035156,41.4900016784668,40.63999938964844,41.02000045776367,44538900.0
2021-09-03,41.02000045776367,41.189998626708984,40.68000030517578,41.04999923706055,41812400.0
2021-09-07,41.25,41.849998474121094,41.18000030517578,41.31999969482422,43748600.0
2021-09-08,41.08000183105469,41.4900016784668,40.68000030517578,40.779998779296875,36064400.0
2021-09-09,40.65999984741211,41.349998474121094,40.560001373291016,40.93000030517578,36266400.0
2021-09-10,41.220001220703125,41.349998474121094,40.2400016784668,40.27000045776367,40514700.0
2021-09-13,40.599998474121094,40.959999084472656,40.349998474121094,40.939998626708984,42036300.0
2021-09-14,41.130001068115234,41.310001373291016,39.65999984741211,39.84000015258789,53820400.0
2021-09-15,39.72999954223633,40.34000015258789,39.66999816894531,40.13999938964844,52358200.0
2021-09-16,40.47999954223633,40.810001373291016,40.20000076293945,40.45000076293945,42922000.0
2021-09-17,40.34000015258789,40.66999816894531,40.08000183105469,40.5,92746000.0
2021-09-20,39.380001068115234,39.459999084472656,38.36000061035156,39.11000061035156,67566200.0
2021-09-21,39.27000045776367,39.599998474121094,38.939998626708984,39.130001068115234,38271100.0
2021-09-22,39.75,40.52000045776367,39.75,40.13999938964844,46261400.0
2021-09-23,40.7599983215332,41.880001068115234,40.650001525878906,41.689998626708984,49779800.0
2021-09-24,41.720001220703125,42.34000015258789,41.650001525878906,42.13999938964844,39042300.0
2021-09-27,42.68000030517578,43.43000030517578,42.63999938964844,43.2599983215332,49755400.0
2021-09-28,43.43000030517578,44.040000915527344,43.060001373291016,43.15999984741211,60781200.0
2021-09-29,43.18000030517578,43.31999969482422,42.7400016784668,43.06999969482422,44260200.0
2021-09-30,43.349998474121094,43.349998474121094,42.22999954223633,42.45000076293945,47410800.0
2021-10-01,42.47999954223633,43.43000030517578,42.38999938964844,43.08000183105469,40987100.0
2021-10-04,43.11000061035156,44.06999969482422,43.06999969482422,43.34000015258789,48273400.0
2021-10-05,43.77000045776367,44.75,43.66999816894531,44.220001220703125,54070700.0
2021-10-06,43.849998474121094,44.290000915527344,43.54999923706055,44.2400016784668,47031700.0
2021-10-07,44.790000915527344,44.869998931884766,44.029998779296875,44.119998931884766,46258800.0
2021-10-08,44.06999969482422,44.810001373291016,43.91999816894531,44.34000015258789,39389400.0
2021-10-11,44.599998474121094,44.810001373291016,43.75,43.779998779296875,36283500.0
2021-10-12,43.66999816894531,44.0,43.27000045776367,43.540000915527344,36898300.0
2021-10-13,43.54999923706055,43.63999938964844,42.33000183105469,43.13999938964844,43908000.0
2021-10-14,44.369998931884766,45.099998474121094,43.47999954223633,45.06999969482422,82201000.0
2021-10-15,45.77000045776367,46.66999816894531,45.36000061035156,46.369998931884766,64264900.0
2021-10-18,46.290000915527344,46.88999938964844,46.029998779296875,46.279998779296875,49542500.0
2021-10-19,46.5,46.630001068115234,46.20000076293945,46.47999954223633,32515500.0
2021-10-20,46.4900016784668,47.2400016784668,46.04999923706055,47.09000015258789,40411000.0
2021-10-21,47.099998474121094,47.47999954223633,46.61000061035156,46.83000183105469,36848600.0
2021-10-22,46.9900016784668,47.619998931884766,46.9900016784668,47.56999969482422,36225600.0
2021-10-25,47.79999923706055,47.97999954223633,47.20000076293945,47.5099983215332,31679500.0
2021-10-26,47.65999984741211,48.43000030517578,47.439998626708984,47.959999084472656,35674800.0
2021-10-27,47.47999954223633,48.16999816894531,47.029998779296875,47.040000915527344,45790800.0
2021-10-28,47.59000015258789,48.0,47.29999923706055,47.779998779296875,37209600.0
2021-10-29,47.75,48.130001068115234,47.52000045776367,47.779998779296875,31756200.0
2021-11-01,48.099998474121094,48.16999816894531,47.279998779296875,47.849998474121094,36937200.0
2021-11-02,47.56999969482422,48.41999816894531,47.349998474121094,47.880001068115234,36283400.0
2021-11-03,47.79999923706055,48.689998626708984,47.61000061035156,48.369998931884766,42553000.0
2021-11-04,48.150001525878906,48.150001525878906,46.880001068115234,47.33000183105469,47646300.0
2021-11-05,47.599998474121094,47.81999969482422,46.81999969482422,46.970001220703125,38271200.0
2021-11-08,47.349998474121094,47.79999923706055,47.25,47.34000015258789,33815500.0
2021-11-09,46.650001525878906,47.36000061035156,46.40999984741211,46.880001068115234,36900300.0
2021-11-10,46.75,47.52000045776367,46.650001525878906,47.22999954223633,39385600.0
2021-11-11,47.310001373291016,47.88999938964844,47.0099983215332,47.4900016784668,31194800.0
2021-11-12,47.5099983215332,47.529998779296875,46.7599983215332,46.90999984741211,44268500.0
2021-11-15,47.2599983215332,47.38999938964844,46.900001525878906,47.04999923706055,35335500.0
2021-11-16,47.18000030517578,47.279998779296875,46.689998626708984,47.08000183105469,35120800.0
2021-11-17,47.08000183105469,47.20000076293945,46.45000076293945,46.5099983215332,32963700.0
2021-11-18,46.709999084472656,46.810001373291016,46.209999084472656,46.31999969482422,30639000.0
2021-11-19,45.70000076293945,45.77000045776367,44.83000183105469,45.400001525878906,48429500.0
2021-11-22,46.720001220703125,46.869998931884766,45.90999984741211,46.279998779296875,53697100.0
2021-11-23,46.869998931884766,47.650001525878906,46.66999816894531,47.5,49362900.0
2021-11-24,47.41999816894531,47.97999954223633,47.209999084472656,47.630001068115234,40060000.0
2021-11-26,45.52000045776367,46.040000915527344,44.75,45.7599983215332,55110100.0
2021-11-29,46.41999816894531,46.70000076293945,45.16999816894531,45.59000015258789,50231100.0
2021-11-30,44.7599983215332,45.220001220703125,44.36000061035156,44.470001220703125,77193600.0
2021-12-01,45.220001220703125,45.70000076293945,43.810001373291016,43.84000015258789,60601600.0
2021-12-02,44.33000183105469,45.5,44.0,44.88999938964844,57821400.0
2021-12-03,45.0,45.06999969482422,43.599998474121094,43.869998931884766,74605300.0
2021-12-06,44.560001373291016,44.880001068115234,43.959999084472656,44.150001525878906,48193100.0
2021-12-07,44.560001373291016,44.90999984741211,44.43000030517578,44.709999084472656,40740800.0
2021-12-08,44.68000030517578,44.79999923706055,44.09000015258789,44.15999984741211,50560300.0
2021-12-09,43.90999984741211,44.72999954223633,43.650001525878906,44.4900016784668,37316700.0
2021-12-10,44.709999084472656,44.83000183105469,44.06999969482422,44.52000045776367,37700200.0
2021-12-13,44.27000045776367,44.400001525878906,43.38999938964844,43.58000183105469,38653900.0
2021-12-14,43.59000015258789,44.81999969482422,43.529998779296875,44.130001068115234,47099400.0
2021-12-15,44.369998931884766,44.45000076293945,43.619998931884766,43.939998626708984,60057100.0
2021-12-16,44.70000076293945,45.36000061035156,44.09000015258789,45.0,69487200.0
2021-12-17,44.5,44.70000076293945,43.619998931884766,43.880001068115234,124242400.0
2021-12-20,43.27000045776367,43.36000061035156,42.70000076293945,43.15999984741211,56455200.0
2021-12-21,43.540000915527344,44.47999954223633,43.540000915527344,44.189998626708984,47845600.0
2021-12-22,44.08000183105469,44.58000183105469,43.880001068115234,44.279998779296875,35715700.0
2021-12-23,44.68000030517578,45.06999969482422,44.400001525878906,44.41999816894531,34053500.0
2021-12-27,44.54999923706055,44.81999969482422,44.310001373291016,44.63999938964844,33879200.0
2021-12-28,44.470001220703125,45.08000183105469,44.41999816894531,44.70000076293945,32492400.0
2021-12-29,44.849998474121094,45.119998931884766,44.599998474121094,44.630001068115234,25294900.0
2021-12-30,44.75,45.099998474121094,44.47999954223633,44.529998779296875,23852200.0
2021-12-31,44.52000045776367,44.720001220703125,44.279998779296875,44.4900016784668,24253900.0
2022-01-03,45.09000015258789,46.4900016784668,44.97999954223633,46.18000030517578,58587900.0
2022-01-04,47.060001373291016,48.43000030517578,47.040000915527344,47.9900016784668,74606700.0
2022-01-05,48.13999938964844,48.369998931884766,47.15999984741211,47.18000030517578,57791600.0
2022-01-06,47.97999954223633,48.15999984741211,47.189998626708984,48.130001068115234,52040900.0
2022-01-07,48.150001525878906,49.310001373291016,48.060001373291016,49.18000030517578,59082600.0
2022-01-10,49.90999984741211,50.08000183105469,48.34000015258789,48.93000030517578,66839500.0
2022-01-11,48.9900016784668,49.25,48.63999938964844,49.209999084472656,40454400.0
2022-01-12,49.16999816894531,49.380001068115234,48.68000030517578,48.86000061035156,41378000.0
2022-01-13,48.91999816894531,49.4900016784668,48.630001068115234,48.7599983215332,46337500.0
2022-01-14,47.52000045776367,48.22999954223633,47.189998626708984,47.90999984741211,72953300.0
2022-01-18,47.849998474121094,47.91999816894531,46.04999923706055,46.2599983215332,65877400.0
2022-01-19,48.38999938964844,48.58000183105469,46.349998474121094,46.439998626708984,84451800.0
2022-01-20,46.689998626708984,47.04999923706055,45.65999984741211,45.75,46265300.0
2022-01-21,45.56999969482422,46.02000045776367,44.65999984741211,44.91999816894531,71303600.0
2022-01-24,43.900001525878906,44.689998626708984,42.59000015258789,44.54999923706055,90672700.0
2022-01-25,44.290000915527344,45.56999969482422,43.83000183105469,45.43000030517578,73555300.0
2022-01-26,45.779998779296875,46.459999084472656,45.2599983215332,45.900001525878906,63735800.0
2022-01-27,46.369998931884766,46.75,45.09000015258789,45.470001220703125,63402400.0
2022-01-28,45.33000183105469,45.88999938964844,44.45000076293945,45.869998931884766,51048300.0
2022-01-31,45.52000045776367,46.27000045776367,45.220001220703125,46.13999938964844,44793700.0
2022-02-01,46.209999084472656,47.099998474121094,45.900001525878906,46.939998626708984,40326600.0
2022-02-02,46.720001220703125,46.959999084472656,46.29999923706055,46.88999938964844,41125600.0
2022-02-03,47.220001220703125,47.290000915527344,46.349998474121094,46.43000030517578,35879900.0
2022-02-04,47.08000183105469,48.689998626708984,46.68000030517578,48.279998779296875,60297100.0
2022-02-07,48.560001373291016,48.7599983215332,47.9900016784668,48.5099983215332,44824800.0
2022-02-08,49.150001525878906,50.02000045776367,48.939998626708984,49.380001068115234,49560500.0
2022-02-09,49.220001220703125,49.790000915527344,49.029998779296875,49.279998779296875,33861100.0
2022-02-10,49.68000030517578,50.11000061035156,48.7599983215332,49.04999923706055,47082800.0
2022-02-11,48.630001068115234,49.439998626708984,47.5,47.91999816894531,61056000.0
2022-02-14,48.02000045776367,48.189998626708984,46.939998626708984,47.41999816894531,44791900.0
2022-02-15,48.0,48.369998931884766,47.56999969482422,47.790000915527344,42397600.0
2022-02-16,47.439998626708984,48.2400016784668,47.310001373291016,47.68000030517578,36664600.0
2022-02-17,47.0,47.290000915527344,45.95000076293945,46.06999969482422,49442400.0
2022-02-18,46.06999969482422,46.540000915527344,45.720001220703125,45.959999084472656,37856500.0
2022-02-22,45.16999816894531,45.97999954223633,45.040000915527344,45.560001373291016,51905600.0
2022-02-23,45.95000076293945,46.11000061035156,44.56999969482422,44.779998779296875,45704900.0
2022-02-24,43.0,43.68000030517578,42.04999923706055,43.599998474121094,80484800.0
2022-02-25,43.810001373291016,45.349998474121094,43.630001068115234,45.02000045776367,68530700.0
2022-02-28,43.720001220703125,44.2599983215332,43.439998626708984,44.20000076293945,69955300.0
2022-03-01,43.709999084472656,43.7400016784668,41.93000030517578,42.470001220703125,74895600.0
2022-03-02,42.7400016784668,43.540000915527344,42.619998931884766,43.15999984741211,70834600.0
2022-03-03,43.09000015258789,43.5,42.209999084472656,42.4900016784668,48733800.0
2022-03-04,41.43000030517578,41.439998626708984,40.31999969482422,40.95000076293945,75572800.0
2022-03-07,39.93000030517578,40.11000061035156,38.209999084472656,38.34000015258789,109779000.0
2022-03-08,39.06999969482422,39.65999984741211,38.16999816894531,38.59000015258789,76553800.0
2022-03-09,40.310001373291016,41.61000061035156,40.15999984741211,41.040000915527344,78207900.0
2022-03-10,40.290000915527344,41.47999954223633,40.11000061035156,40.66999816894531,48804400.0
2022-03-11,41.040000915527344,41.380001068115234,40.290000915527344,40.33000183105469,43946600.0
2022-03-14,40.900001525878906,42.18000030517578,40.900001525878906,41.20000076293945,54262400.0
2022-03-15,41.2599983215332,41.779998779296875,40.869998931884766,41.5,41395300.0
2022-03-16,42.2400016784668,43.04999923706055,41.91999816894531,42.79999923706055,59477600.0
2022-03-17,42.40999984741211,43.040000915527344,41.83000183105469,43.029998779296875,50260200.0
2022-03-18,42.7599983215332,42.93000030517578,42.2599983215332,42.900001525878906,74470600.0
2022-03-21,43.349998474121094,43.43000030517578,42.5099983215332,42.84000015258789,47106400.0
2022-03-22,43.81999969482422,44.630001068115234,43.70000076293945,44.18000030517578,52360600.0
2022-03-23,43.720001220703125,44.0099983215332,43.029998779296875,43.09000015258789,48539300.0
2022-03-24,43.380001068115234,43.43000030517578,42.88999938964844,43.06999969482422,30360800.0
2022-03-25,43.47999954223633,44.2599983215332,43.33000183105469,43.72999954223633,38968100.0
2022-03-28,43.709999084472656,43.75,42.83000183105469,43.54999923706055,37428600.0
2022-03-29,44.25,44.38999938964844,43.11000061035156,43.439998626708984,46355800.0
2022-03-30,43.439998626708984,43.650001525878906,42.75,43.0,36601800.0
2022-03-31,42.84000015258789,42.88999938964844,41.20000076293945,41.220001220703125,67902500.0
2022-04-01,41.689998626708984,41.7400016784668,40.349998474121094,40.900001525878906,61929200.0
2022-04-04,40.47999954223633,41.13999938964844,40.15999984741211,40.83000183105469,53761700.0
2022-04-05,40.439998626708984,40.7599983215332,40.040000915527344,40.13999938964844,51781700.0
2022-04-06,39.7400016784668,40.0099983215332,39.349998474121094,39.70000076293945,54159800.0
2022-04-07,39.88999938964844,39.97999954223633,38.849998474121094,39.38999938964844,54585000.0
2022-04-08,39.4900016784668,40.099998474121094,39.31999969482422,39.66999816894531,41018900.0
2022-04-11,39.47999954223633,40.400001525878906,39.38999938964844,39.59000015258789,34198700.0
2022-04-12,39.56999969482422,40.08000183105469,38.849998474121094,39.16999816894531,42855300.0
2022-04-13,38.5,39.0099983215332,38.36000061035156,38.81999969482422,45484200.0
2022-04-14,38.4900016784668,38.970001220703125,37.41999816894531,37.56999969482422,79032000.0
2022-04-18,37.41999816894531,39.310001373291016,37.220001220703125,38.849998474121094,80080300.0
2022-04-19,39.209999084472656,39.880001068115234,39.11000061035156,39.56999969482422,53714200.0
2022-04-20,40.150001525878906,40.369998931884766,39.61000061035156,39.65999984741211,47064300.0
2022-04-21,40.0,40.209999084472656,38.619998931884766,38.90999984741211,46245900.0
2022-04-22,38.810001373291016,38.849998474121094,37.5,37.560001373291016,50409800.0
2022-04-25,36.88999938964844,37.400001525878906,35.93000030517578,37.290000915527344,64301100.0
2022-04-26,36.880001068115234,37.540000915527344,36.41999816894531,36.45000076293945,44809900.0
2022-04-27,36.27000045776367,36.90999984741211,36.16999816894531,36.25,39824900.0
2022-04-28,36.72999954223633,36.95000076293945,36.15999984741211,36.810001373291016,39567800.0
2022-04-29,36.75,37.130001068115234,35.540000915527344,35.68000030517578,47385200.0
2022-05-02,36.029998779296875,36.279998779296875,35.400001525878906,36.13999938964844,46652200.0
2022-05-03,36.34000015258789,37.630001068115234,36.33000183105469,37.130001068115234,48926000.0
2022-05-04,37.369998931884766,38.75,37.279998779296875,38.619998931884766,57860300.0
2022-05-05,38.04999923706055,38.209999084472656,36.869998931884766,37.540000915527344,48860600.0
2022-05-06,37.369998931884766,37.619998931884766,36.61000061035156,37.45000076293945,50440100.0
2022-05-09,36.869998931884766,37.060001373291016,36.060001373291016,36.369998931884766,51242000.0
2022-05-10,36.75,37.130001068115234,35.18000030517578,35.7599983215332,60235300.0
2022-05-11,35.900001525878906,36.91999816894531,35.5099983215332,35.56999969482422,54969300.0
2022-05-12,35.0099983215332,35.43000030517578,34.2599983215332,35.06999969482422,61231500.0
2022-05-13,35.529998779296875,35.72999954223633,34.7599983215332,35.16999816894531,49117900.0
2022-05-16,35.0,35.16999816894531,34.40999984741211,34.810001373291016,39076500.0
2022-05-17,35.619998931884766,36.220001220703125,35.43000030517578,35.9900016784668,42635600.0
2022-05-18,35.619998931884766,35.689998626708984,34.599998474121094,34.880001068115234,47396900.0
2022-05-19,34.290000915527344,34.84000015258789,34.25,34.45000076293945,47002700.0
2022-05-20,34.79999923706055,34.97999954223633,32.959999084472656,33.86000061035156,62406500.0
2022-05-23,34.7599983215332,36.2599983215332,34.65999984741211,35.869998931884766,69081900.0
2022-05-24,35.470001220703125,35.959999084472656,34.959999084472656,35.650001525878906,46146700.0
2022-05-25,35.5,36.27000045776367,35.290000915527344,35.84000015258789,49343400.0
2022-05-26,36.5,36.84000015258789,36.34000015258789,36.66999816894531,60201200.0
2022-05-27,36.88999938964844,37.04999923706055,36.58000183105469,37.02000045776367,43365600.0
2022-05-31,36.81999969482422,37.529998779296875,36.61000061035156,37.20000076293945,71609200.0
2022-06-01,37.459999084472656,37.470001220703125,36.16999816894531,36.66999816894531,35237900.0
2022-06-02,36.40999984741211,36.709999084472656,36.06999969482422,36.70000076293945,35341900.0
2022-06-03,36.47999954223633,36.68000030517578,36.130001068115234,36.189998626708984,25235200.0
2022-06-06,36.70000076293945,37.209999084472656,36.099998474121094,36.150001525878906,40394000.0
2022-06-07,35.900001525878906,36.40999984741211,35.7400016784668,36.349998474121094,29152200.0
2022-06-08,35.91999816894531,36.11000061035156,35.52000045776367,35.88999938964844,33590600.0
2022-06-09,35.7400016784668,35.84000015258789,34.5,34.5099983215332,49419000.0
2022-06-10,33.68000030517578,34.040000915527344,33.02000045776367,33.16999816894531,49318200.0
2022-06-13,32.38999938964844,32.77000045776367,31.739999771118164,32.02000045776367,61216600.0
2022-06-14,31.920000076293945,32.599998474121094,31.229999542236328,31.459999084472656,49349800.0
2022-06-15,31.979999542236328,32.4900016784668,31.420000076293945,32.04999923706055,51540100.0
2022-06-16,31.5,32.0,30.860000610351562,31.850000381469727,61363400.0
2022-06-17,32.029998779296875,32.58000183105469,31.639999389648438,31.920000076293945,80470300.0
2022-06-21,32.88999938964844,33.290000915527344,32.619998931884766,32.849998474121094,53537200.0
2022-06-22,32.38999938964844,32.939998626708984,32.31999969482422,32.599998474121094,38305600.0
2022-06-23,32.380001068115234,32.40999984741211,31.260000228881836,32.08000183105469,44091500.0
2022-06-24,31.25,32.77000045776367,31.229999542236328,32.310001373291016,79504700.0
2022-06-27,32.41999816894531,32.599998474121094,31.90999984741211,32.349998474121094,47900300.0
2022-06-28,32.83000183105469,33.5,32.189998626708984,32.2599983215332,49863800.0
2022-06-29,32.22999954223633,32.439998626708984,31.65999984741211,31.860000610351562,35149700.0
2022-06-30,31.170000076293945,31.549999237060547,30.639999389648438,31.1299991607666,46312300.0
2022-07-01,30.979999542236328,31.670000076293945,30.6299991607666,31.559999465942383,40236100.0
2022-07-05,30.799999237060547,31.239999771118164,30.450000762939453,31.239999771118164,47411800.0
2022-07-06,31.010000228881836,31.25,30.639999389648438,30.979999542236328,35933700.0
2022-07-07,31.5,32.0099983215332,31.469999313354492,31.860000610351562,40137900.0
2022-07-08,32.0099983215332,32.25,31.559999465942383,31.790000915527344,31153800.0
2022-07-11,31.549999237060547,31.790000915527344,31.290000915527344,31.459999084472656,29311900.0
2022-07-12,31.020000457763672,32.029998779296875,30.979999542236328,31.360000610351562,39527000.0
2022-07-13,31.06999969482422,31.149999618530273,30.399999618530273,30.84000015258789,44153700.0
2022-07-14,30.09000015258789,30.219999313354492,29.670000076293945,30.1299991607666,51707800.0
2022-07-15,30.649999618530273,32.630001068115234,30.610000610351562,32.25,77801700.0
2022-07-18,33.08000183105469,33.380001068115234,32.099998474121094,32.2599983215332,56382900.0
2022-07-19,32.900001525878906,33.619998931884766,32.68000030517578,33.349998474121094,46874900.0
2022-07-20,33.18000030517578,33.45000076293945,32.95000076293945,33.36000061035156,35514900.0
2022-07-21,33.09000015258789,33.66999816894531,32.95000076293945,33.650001525878906,31244000.0
2022-07-22,33.599998474121094,33.939998626708984,33.09000015258789,33.43000030517578,27115400.0
2022-07-25,33.779998779296875,33.97999954223633,33.439998626708984,33.72999954223633,30381000.0
2022-07-26,33.40999984741211,33.779998779296875,32.959999084472656,33.04999923706055,30645700.0
2022-07-27,33.2400016784668,33.77000045776367,32.95000076293945,33.59000015258789,30344800.0
2022-07-28,33.5,33.75,32.900001525878906,33.31999969482422,40176500.0
2022-07-29,33.470001220703125,33.939998626708984,33.349998474121094,33.810001373291016,48152500.0
2022-08-01,33.619998931884766,33.88999938964844,33.220001220703125,33.709999084472656,32336700.0
2022-08-02,33.599998474121094,33.720001220703125,33.0,33.040000915527344,37884100.0
2022-08-03,33.41999816894531,33.75,33.16999816894531,33.63999938964844,30065800.0
2022-08-04,33.52000045776367,33.66999816894531,33.16999816894531,33.400001525878906,28404500.0
2022-08-05,33.279998779296875,34.33000183105469,33.2400016784668,33.959999084472656,35874500.0
2022-08-08,34.16999816894531,34.290000915527344,33.45000076293945,33.4900016784668,33454300.0
2022-08-09,33.650001525878906,33.959999084472656,33.40999984741211,33.91999816894531,40196900.0
2022-08-10,34.5,35.43000030517578,34.45000076293945,35.06999969482422,61415800.0
2022-08-11,35.77000045776367,36.060001373291016,35.650001525878906,35.90999984741211,50420800.0
2022-08-12,36.15999984741211,36.310001373291016,35.689998626708984,36.29999923706055,31821700.0
2022-08-15,35.84000015258789,36.29999923706055,35.66999816894531,36.25,24908000.0
2022-08-16,36.189998626708984,36.939998626708984,36.099998474121094,36.63999938964844,31870200.0
2022-08-17,36.20000076293945,36.59000015258789,36.08000183105469,36.40999984741211,27125600.0
2022-08-18,36.25,36.400001525878906,36.0,36.279998779296875,23138300.0
2022-08-19,35.959999084472656,36.029998779296875,35.310001373291016,35.47999954223633,36485400.0
2022-08-22,34.75,34.81999969482422,34.45000076293945,34.720001220703125,31210300.0
2022-08-23,34.66999816894531,34.970001220703125,34.36000061035156,34.40999984741211,26588000.0
2022-08-24,34.25,34.79999923706055,34.04999923706055,34.52000045776367,31389400.0
2022-08-25,34.599998474121094,35.279998779296875,34.45000076293945,35.13999938964844,40576700.0
2022-08-26,35.439998626708984,35.47999954223633,34.02000045776367,34.029998779296875,36152600.0
2022-08-29,33.86000061035156,34.150001525878906,33.61000061035156,33.900001525878906,34931000.0
2022-08-30,34.18000030517578,34.279998779296875,33.540000915527344,34.09000015258789,48194900.0
2022-08-31,34.13999938964844,34.369998931884766,33.599998474121094,33.61000061035156,44917600.0
2022-09-01,33.34000015258789,33.4900016784668,32.65999984741211,33.470001220703125,32848900.0
2022-09-02,33.93000030517578,34.47999954223633,33.27000045776367,33.43000030517578,44000800.0
2022-09-06,33.63999938964844,33.72999954223633,32.61000061035156,33.060001373291016,40762400.0
2022-09-07,32.810001373291016,33.66999816894531,32.630001068115234,33.56999969482422,40742600.0
2022-09-08,33.459999084472656,34.72999954223633,33.27000045776367,34.650001525878906,44361800.0
2022-09-09,34.97999954223633,35.25,34.84000015258789,34.939998626708984,37295100.0
2022-09-12,35.20000076293945,35.630001068115234,35.029998779296875,35.27000045776367,30534000.0
2022-09-13,34.58000183105469,34.720001220703125,33.810001373291016,34.0,40959600.0
2022-09-14,34.20000076293945,34.41999816894531,33.540000915527344,33.869998931884766,32004400.0
2022-09-15,33.790000915527344,34.900001525878906,33.70000076293945,34.5099983215332,44863300.0
2022-09-16,34.189998626708984,34.22999954223633,33.65999984741211,34.119998931884766,54281800.0
2022-09-19,33.720001220703125,34.869998931884766,33.630001068115234,34.689998626708984,29782000.0
2022-09-20,34.5,34.779998779296875,33.880001068115234,34.16999816894531,33591100.0
2022-09-21,34.310001373291016,34.400001525878906,33.119998931884766,33.150001525878906,51667800.0
2022-09-22,33.310001373291016,33.41999816894531,32.38999938964844,32.5,47527500.0
2022-09-23,31.93000030517578,32.09000015258789,31.209999084472656,31.729999542236328,55316100.0
2022-09-26,31.31999969482422,31.81999969482422,30.68000030517578,31.030000686645508,40360200.0
2022-09-27,31.270000457763672,31.3700008392334,30.299999237060547,30.56999969482422,43396600.0
2022-09-28,30.530000686645508,31.309999465942383,30.389999389648438,31.06999969482422,38372900.0
2022-09-29,30.690000534057617,30.899999618530273,30.209999084472656,30.65999984741211,35220900.0
2022-09-30,30.760000228881836,31.190000534057617,30.170000076293945,30.200000762939453,42294100.0
2022-10-03,30.59000015258789,31.280000686645508,30.200000762939453,31.09000015258789,34591700.0
2022-10-04,31.719999313354492,32.52000045776367,31.65999984741211,32.380001068115234,39758700.0
2022-10-05,31.540000915527344,32.029998779296875,31.450000762939453,31.920000076293945,35791100.0
2022-10-06,31.600000381469727,31.8799991607666,31.360000610351562,31.459999084472656,40891900.0
2022-10-07,31.170000076293945,31.239999771118164,30.530000686645508,30.75,52304600.0
2022-10-10,30.899999618530273,31.049999237060547,30.350000381469727,30.65999984741211,37669100.0
2022-10-11,30.3700008392334,30.469999313354492,29.56999969482422,29.770000457763672,58124000.0
2022-10-12,29.639999389648438,30.309999465942383,29.479999542236328,29.860000610351562,36137900.0
2022-10-13,29.40999984741211,31.770000457763672,29.309999465942383,31.690000534057617,67671000.0
2022-10-14,31.809999465942383,32.630001068115234,31.56999969482422,31.700000762939453,58108500.0
2022-10-17,33.36000061035156,33.869998931884766,32.869998931884766,33.619998931884766,88896800.0
2022-10-18,34.97999954223633,35.36000061035156,34.279998779296875,34.880001068115234,81937900.0
2022-10-19,34.58000183105469,34.83000183105469,33.77000045776367,33.91999816894531,43139900.0
2022-10-20,33.97999954223633,34.630001068115234,33.59000015258789,33.70000076293945,39549100.0
2022-10-21,33.560001373291016,35.040000915527344,33.560001373291016,34.95000076293945,54870300.0
2022-10-24,35.11000061035156,35.2599983215332,34.709999084472656,35.06999969482422,33765600.0
2022-10-25,34.7400016784668,35.58000183105469,34.529998779296875,35.38999938964844,37132300.0
2022-10-26,35.41999816894531,36.09000015258789,35.349998474121094,35.70000076293945,41104600.0
2022-10-27,36.150001525878906,36.369998931884766,35.77000045776367,35.869998931884766,35261900.0
2022-10-28,36.040000915527344,36.29999923706055,35.63999938964844,36.18000030517578,31659100.0
2022-10-31,36.0,36.33000183105469,35.810001373291016,36.040000915527344,32565500.0
2022-11-01,36.439998626708984,36.7599983215332,36.11000061035156,36.20000076293945,29913200.0
2022-11-02,36.06999969482422,37.279998779296875,35.95000076293945,36.09000015258789,57380600.0
2022-11-03,35.70000076293945,36.13999938964844,35.40999984741211,35.88999938964844,30046500.0
2022-11-04,36.5,37.0,36.220001220703125,36.790000915527344,39369400.0
2022-11-07,37.0099983215332,37.34000015258789,36.72999954223633,37.0099983215332,37533700.0
2022-11-08,37.09000015258789,37.41999816894531,36.75,37.11000061035156,32664300.0
2022-11-09,36.880001068115234,36.959999084472656,36.38999938964844,36.52000045776367,30164400.0
2022-11-10,37.29999923706055,38.220001220703125,37.13999938964844,38.130001068115234,45702800.0
2022-11-11,38.189998626708984,38.599998474121094,37.970001220703125,38.40999984741211,35688700.0
2022-11-14,38.09000015258789,38.2599983215332,37.75,37.7599983215332,35541400.0
2022-11-15,38.189998626708984,38.29999923706055,37.29999923706055,37.70000076293945,46082800.0
2022-11-16,37.61000061035156,37.7400016784668,37.20000076293945,37.36000061035156,23813000.0
2022-11-17,36.880001068115234,37.20000076293945,36.560001373291016,37.16999816894531,23689700.0
2022-11-18,37.790000915527344,37.849998474121094,36.91999816894531,37.189998626708984,32041800.0
2022-11-21,37.09000015258789,37.52000045776367,37.060001373291016,37.310001373291016,27935700.0
2022-11-22,37.59000015258789,37.79999923706055,37.43000030517578,37.4900016784668,23499300.0
2022-11-23,37.4900016784668,37.65999984741211,37.369998931884766,37.61000061035156,18934700.0
2022-11-25,37.720001220703125,37.869998931884766,37.560001373291016,37.70000076293945,16118500.0
2022-11-28,37.400001525878906,37.65999984741211,36.83000183105469,36.86000061035156,35428300.0
2022-11-29,36.97999954223633,37.150001525878906,36.720001220703125,37.0,27048800.0
2022-11-30,36.900001525878906,37.849998474121094,36.20000076293945,37.849998474121094,51747900.0
2022-12-01,37.5,37.689998626708984,36.400001525878906,36.54999923706055,46213200.0
2022-12-02,36.060001373291016,36.290000915527344,35.810001373291016,36.08000183105469,42295300.0
2022-12-05,35.810001373291016,35.88999938964844,34.13999938964844,34.470001220703125,71386600.0
2022-12-06,34.56999969482422,34.68000030517578,32.40999984741211,33.0,84085700.0
2022-12-07,32.59000015258789,32.91999816894531,32.349998474121094,32.7400016784668,49234100.0
2022-12-08,32.970001220703125,32.9900016784668,32.18000030517578,32.439998626708984,45491100.0
2022-12-09,32.11000061035156,32.599998474121094,32.08000183105469,32.380001068115234,36985500.0
2022-12-12,32.310001373291016,32.779998779296875,32.060001373291016,32.72999954223633,41060500.0
2022-12-13,33.54999923706055,33.66999816894531,32.56999969482422,32.75,54804800.0
2022-12-14,32.79999923706055,33.0,32.15999984741211,32.279998779296875,48819500.0
2022-12-15,31.75,31.989999771118164,31.489999771118164,31.770000457763672,49027600.0
2022-12-16,31.6200008392334,31.93000030517578,31.350000381469727,31.700000762939453,61795200.0
2022-12-19,31.760000228881836,32.22999954223633,31.729999542236328,32.060001373291016,38374100.0
2022-12-20,32.400001525878906,32.58000183105469,32.13999938964844,32.189998626708984,35561100.0
2022-12-21,32.52000045776367,32.869998931884766,32.40999984741211,32.68000030517578,32544000.0
2022-12-22,32.52000045776367,32.58000183105469,31.8700008392334,32.38999938964844,30234400.0
2022-12-23,32.400001525878906,32.58000183105469,32.189998626708984,32.470001220703125,21378600.0
2022-12-27,32.5,32.66999816894531,32.279998779296875,32.529998779296875,22776100.0
2022-12-28,32.56999969482422,32.970001220703125,32.529998779296875,32.77000045776367,30541000.0
2022-12-29,32.88999938964844,33.15999984741211,32.75,33.13999938964844,22252900.0
2022-12-30,33.099998474121094,33.29999923706055,32.86000061035156,33.119998931884766,28198900.0
2023-01-03,33.22999954223633,34.09000015258789,33.209999084472656,33.5099983215332,35221500.0
2023-01-04,33.900001525878906,34.81999969482422,33.83000183105469,34.13999938964844,41998500.0
2023-01-05,33.91999816894531,34.13999938964844,33.58000183105469,34.06999969482422,34177000.0
2023-01-06,34.09000015258789,34.58000183105469,33.540000915527344,34.40999984741211,34068700.0
2023-01-09,34.75,34.7599983215332,33.709999084472656,33.88999938964844,43818800.0
2023-01-10,33.7400016784668,34.27000045776367,33.63999938964844,34.119998931884766,35096000.0
2023-01-11,34.119998931884766,34.439998626708984,34.0,34.380001068115234,36783700.0
2023-01-12,34.599998474121094,34.869998931884766,34.36000061035156,34.470001220703125,44230400.0
2023-01-13,34.20000076293945,35.38999938964844,33.09000015258789,35.22999954223633,89667800.0
2023-01-17,34.689998626708984,34.83000183105469,34.150001525878906,34.52000045776367,56458400.0
2023-01-18,34.33000183105469,34.34000015258789,33.5099983215332,33.720001220703125,54517800.0
2023-01-19,33.279998779296875,33.54999923706055,32.88999938964844,33.22999954223633,42707100.0
2023-01-20,33.29999923706055,33.88999938964844,33.09000015258789,33.849998474121094,45004400.0
2023-01-23,33.810001373291016,34.5099983215332,33.75,34.31999969482422,33683300.0
2023-01-24,34.220001220703125,34.790000915527344,33.95000076293945,34.56999969482422,26716700.0
2023-01-25,34.29999923706055,34.959999084472656,34.25,34.869998931884766,28859700.0
2023-01-26,35.04999923706055,35.349998474121094,34.790000915527344,35.34000015258789,30035500.0
2023-01-27,35.439998626708984,35.779998779296875,35.27000045776367,35.45000076293945,29964900.0
2023-01-30,35.209999084472656,35.560001373291016,35.18000030517578,35.29999923706055,27353500.0
2023-01-31,35.16999816894531,35.47999954223633,35.0,35.47999954223633,38917400.0
2023-02-01,35.20000076293945,36.2599983215332,35.11000061035156,35.91999816894531,44438700.0
2023-02-02,36.099998474121094,36.380001068115234,35.439998626708984,36.130001068115234,33729100.0
2023-02-03,36.02000045776367,36.7599983215332,35.900001525878906,36.43000030517578,37411700.0
2023-02-06,36.25,36.439998626708984,35.97999954223633,36.369998931884766,29463200.0
2023-02-07,36.16999816894531,37.0,36.130001068115234,36.77000045776367,44100200.0
2023-02-08,36.40999984741211,36.84000015258789,36.34000015258789,36.5,28032800.0
2023-02-09,36.27000045776367,36.349998474121094,35.560001373291016,35.720001220703125,35257100.0
2023-02-10,35.54999923706055,35.59000015258789,35.029998779296875,35.58000183105469,32898900.0
2023-02-13,35.47999954223633,35.779998779296875,35.38999938964844,35.650001525878906,29163900.0
2023-02-14,35.630001068115234,35.9900016784668,35.459999084472656,35.619998931884766,33625200.0
2023-02-15,35.31999969482422,35.61000061035156,35.15999984741211,35.560001373291016,23500100.0
2023-02-16,35.41999816894531,35.65999984741211,35.220001220703125,35.279998779296875,22681100.0
2023-02-17,35.08000183105469,35.38999938964844,34.7400016784668,35.349998474121094,28562700.0
2023-02-21,34.90999984741211,35.04999923706055,34.27000045776367,34.52000045776367,37068900.0
2023-02-22,34.36000061035156,34.54999923706055,34.06999969482422,34.290000915527344,38550400.0
2023-02-23,34.400001525878906,34.599998474121094,33.86000061035156,34.2599983215332,28488000.0
2023-02-24,33.86000061035156,34.290000915527344,33.84000015258789,34.209999084472656,27046600.0
2023-02-27,34.45000076293945,34.689998626708984,34.16999816894531,34.209999084472656,30137500.0
2023-02-28,34.349998474121094,34.4900016784668,34.18000030517578,34.29999923706055,32620600.0
2023-03-01,34.150001525878906,34.4900016784668,33.97999954223633,34.13999938964844,29281600.0
2023-03-02,33.65999984741211,33.70000076293945,33.0,33.4900016784668,44607200.0
2023-03-03,33.650001525878906,34.290000915527344,33.650001525878906,34.15999984741211,39109100.0
2023-03-06,34.2400016784668,34.560001373291016,33.9900016784668,34.09000015258789,36646700.0
2023-03-07,33.849998474121094,33.900001525878906,32.79999923706055,33.0,52855300.0
2023-03-08,32.65999984741211,32.970001220703125,32.439998626708984,32.560001373291016,40045600.0
2023-03-09,32.279998779296875,32.38999938964844,30.309999465942383,30.540000915527344,112457900.0
2023-03-10,30.31999969482422,31.040000915527344,28.920000076293945,30.270000457763672,165330900.0
2023-03-13,28.920000076293945,29.719999313354492,27.8700008392334,28.510000228881836,218403300.0
2023-03-14,29.989999771118164,30.09000015258789,28.469999313354492,28.760000228881836,154255800.0
2023-03-15,27.8799991607666,28.559999465942383,27.68000030517578,28.489999771118164,131104400.0
2023-03-16,28.3799991607666,29.469999313354492,28.110000610351562,28.969999313354492,108348800.0
2023-03-17,28.65999984741211,28.65999984741211,27.6200008392334,27.81999969482422,130665500.0
2023-03-20,28.239999771118164,28.43000030517578,27.649999618530273,27.75,81441200.0
2023-03-21,28.6299991607666,28.979999542236328,28.510000228881836,28.59000015258789,84854800.0
2023-03-22,28.709999084472656,28.739999771118164,27.639999389648438,27.639999389648438,76925900.0
2023-03-23,28.0,28.09000015258789,26.790000915527344,26.969999313354492,105335900.0
2023-03-24,26.600000381469727,27.290000915527344,26.31999969482422,27.139999389648438,96872700.0
2023-03-27,27.93000030517578,28.649999618530273,27.90999984741211,28.489999771118164,102469800.0
2023-03-28,28.3799991607666,28.649999618530273,27.979999542236328,28.1200008392334,63416500.0
2023-03-29,28.489999771118164,28.770000457763672,28.239999771118164,28.670000076293945,62666400.0
2023-03-30,28.920000076293945,29.059999465942383,28.110000610351562,28.299999237060547,67427100.0
2023-03-31,28.6200008392334,28.68000030517578,28.260000228881836,28.600000381469727,56482100.0
2023-04-03,28.639999389648438,28.979999542236328,28.329999923706055,28.59000015258789,51996800.0
2023-04-04,28.549999237060547,28.649999618530273,27.65999984741211,27.979999542236328,56233300.0
2023-04-05,27.65999984741211,27.90999984741211,27.459999084472656,27.639999389648438,47799400.0
2023-04-06,27.719999313354492,28.010000228881836,27.6200008392334,27.84000015258789,41216600.0
2023-04-10,27.670000076293945,28.100000381469727,27.649999618530273,27.940000534057617,40572700.0
2023-04-11,28.020000457763672,28.75,27.959999084472656,28.709999084472656,58761200.0
2023-04-12,28.68000030517578,29.010000228881836,28.3700008392334,28.479999542236328,44313300.0
2023-04-13,28.559999465942383,28.639999389648438,28.239999771118164,28.559999465942383,52261400.0
2023-04-14,29.299999237060547,29.8700008392334,29.25,29.520000457763672,81110800.0
2023-04-17,29.770000457763672,30.40999984741211,29.399999618530273,30.3700008392334,83704400.0
2023-04-18,30.799999237060547,30.93000030517578,29.799999237060547,30.559999465942383,114498800.0
2023-04-19,30.1299991607666,30.200000762939453,29.790000915527344,30.059999465942383,65594200.0
2023-04-20,29.84000015258789,30.229999542236328,29.770000457763672,29.899999618530273,43193800.0
2023-04-21,29.75,29.979999542236328,29.40999984741211,29.8700008392334,44759000.0
2023-04-24,29.790000915527344,29.899999618530273,29.59000015258789,29.760000228881836,28020300.0
2023-04-25,29.450000762939453,29.530000686645508,28.81999969482422,28.84000015258789,49718800.0
2023-04-26,28.760000228881836,28.940000534057617,28.299999237060547,28.440000534057617,45848400.0
2023-04-27,28.520000457763672,29.079999923706055,28.520000457763672,28.889999389648438,33060100.0
2023-04-28,28.530000686645508,29.43000030517578,28.510000228881836,29.280000686645508,45592500.0
2023-05-01,29.5,29.540000915527344,29.0,29.040000915527344,34076800.0
2023-05-02,28.850000381469727,28.860000610351562,27.709999084472656,28.15999984741211,70797700.0
2023-05-03,28.15999984741211,28.5,27.809999465942383,27.860000610351562,51139500.0
2023-05-04,27.579999923706055,27.809999465942383,26.829999923706055,26.989999771118164,82173800.0
2023-05-05,27.6200008392334,27.889999389648438,27.469999313354492,27.709999084472656,50087100.0
2023-05-08,28.079999923706055,28.149999618530273,27.65999984741211,27.690000534057617,34245500.0
2023-05-09,27.420000076293945,27.829999923706055,27.239999771118164,27.65999984741211,32188800.0
2023-05-10,27.959999084472656,28.0,27.020000457763672,27.31999969482422,44446400.0
2023-05-11,27.010000228881836,27.489999771118164,26.8799991607666,27.389999389648438,34897300.0
2023-05-12,27.520000457763672,27.549999237060547,26.8799991607666,27.09000015258789,38142000.0
2023-05-15,27.100000381469727,27.81999969482422,27.030000686645508,27.649999618530273,38722800.0
2023-05-16,27.780000686645508,27.899999618530273,27.329999923706055,27.360000610351562,33347500.0
2023-05-17,27.739999771118164,28.670000076293945,27.729999542236328,28.56999969482422,61750400.0
2023-05-18,28.440000534057617,28.5,28.0,28.469999313354492,51146100.0
2023-05-19,28.459999084472656,28.670000076293945,28.030000686645508,28.110000610351562,50062500.0
2023-05-22,28.299999237060547,28.450000762939453,28.010000228881836,28.34000015258789,36473700.0
2023-05-23,28.31999969482422,29.079999923706055,28.299999237060547,28.579999923706055,51400400.0
2023-05-24,28.329999923706055,28.510000228881836,28.0,28.100000381469727,50606900.0
2023-05-25,27.989999771118164,28.239999771118164,27.8799991607666,28.170000076293945,40517800.0
2023-05-26,28.200000762939453,28.399999618530273,27.790000915527344,28.309999465942383,57879100.0
2023-05-30,28.31999969482422,28.489999771118164,27.950000762939453,28.260000228881836,41819600.0
2023-05-31,28.100000381469727,28.15999984741211,27.479999542236328,27.790000915527344,61905200.0
2023-06-01,27.760000228881836,27.979999542236328,27.34000015258789,27.780000686645508,57426100.0
2023-06-02,28.15999984741211,28.950000762939453,28.1200008392334,28.709999084472656,66578100.0
2023-06-05,28.81999969482422,28.81999969482422,28.299999237060547,28.540000915527344,34757800.0
2023-06-06,28.459999084472656,29.43000030517578,28.450000762939453,29.229999542236328,46297900.0
2023-06-07,29.299999237060547,29.649999618530273,29.010000228881836,29.479999542236328,44502600.0
2023-06-08,29.280000686645508,29.3799991607666,28.989999771118164,29.229999542236328,41483100.0
2023-06-09,29.200000762939453,29.399999618530273,29.079999923706055,29.270000457763672,32692000.0
2023-06-12,29.299999237060547,29.559999465942383,28.90999984741211,29.1299991607666,41011300.0
2023-06-13,29.1299991607666,29.799999237060547,29.030000686645508,29.399999618530273,42718800.0
2023-06-14,29.56999969482422,29.729999542236328,28.989999771118164,29.1200008392334,38322800.0
2023-06-15,28.899999618530273,29.469999313354492,28.690000534057617,29.3700008392334,42044900.0
2023-06-16,29.530000686645508,29.68000030517578,29.15999984741211,29.190000534057617,53050200.0
2023-06-20,29.010000228881836,29.040000915527344,28.579999923706055,28.8700008392334,39040900.0
2023-06-21,28.780000686645508,29.0,28.540000915527344,28.56999969482422,39553400.0
2023-06-22,28.5,28.530000686645508,27.899999618530273,27.959999084472656,50742900.0
2023-06-23,27.739999771118164,27.889999389648438,27.59000015258789,27.75,55181100.0
2023-06-26,27.799999237060547,28.280000686645508,27.790000915527344,28.09000015258789,47519300.0
2023-06-27,28.100000381469727,28.399999618530273,27.950000762939453,28.239999771118164,39081800.0
2023-06-28,28.25,28.270000457763672,27.899999618530273,28.06999969482422,37803800.0
2023-06-29,28.5,29.0,28.399999618530273,28.65999984741211,68376400.0
2023-06-30,28.940000534057617,29.110000610351562,28.670000076293945,28.690000534057617,50479000.0
2023-07-03,28.700000762939453,29.350000381469727,28.649999618530273,29.200000762939453,30995800.0
2023-07-05,29.139999389648438,29.420000076293945,28.950000762939453,29.079999923706055,37492000.0
2023-07-06,28.799999237060547,28.81999969482422,28.100000381469727,28.280000686645508,52098000.0
2023-07-07,28.299999237060547,28.81999969482422,28.290000915527344,28.530000686645508,34288000.0
2023-07-10,28.59000015258789,28.850000381469727,28.469999313354492,28.65999984741211,36086000.0
2023-07-11,28.65999984741211,29.079999923706055,28.420000076293945,29.020000457763672,40978700.0
2023-07-12,29.510000228881836,29.889999389648438,29.270000457763672,29.360000610351562,41855500.0
2023-07-13,29.520000457763672,29.8700008392334,29.40999984741211,29.670000076293945,39589000.0
2023-07-14,30.0,30.100000381469727,29.049999237060547,29.110000610351562,58720300.0
2023-07-17,29.149999618530273,29.559999465942383,29.1200008392334,29.399999618530273,49477200.0
2023-07-18,30.0,30.860000610351562,29.920000076293945,30.700000762939453,98253800.0
2023-07-19,30.889999389648438,31.700000762939453,30.690000534057617,31.530000686645508,70619800.0
2023-07-20,31.329999923706055,31.799999237060547,31.260000228881836,31.690000534057617,42128800.0
2023-07-21,31.8700008392334,32.11000061035156,31.420000076293945,31.979999542236328,70872400.0
2023-07-24,32.0,32.849998474121094,31.979999542236328,32.650001525878906,64548600.0
2023-07-25,32.7599983215332,32.790000915527344,32.06999969482422,32.150001525878906,51208800.0
2023-07-26,32.2400016784668,32.540000915527344,32.150001525878906,32.40999984741211,41814600.0
2023-07-27,32.43000030517578,32.7400016784668,31.81999969482422,31.950000762939453,45529500.0
2023-07-28,32.150001525878906,32.15999984741211,31.709999084472656,31.899999618530273,33296500.0
2023-07-31,31.899999618530273,32.25,31.780000686645508,32.0,29093400.0
2023-08-01,31.84000015258789,31.940000534057617,31.420000076293945,31.6200008392334,32712000.0
2023-08-02,31.15999984741211,31.280000686645508,30.780000686645508,31.190000534057617,38855100.0
2023-08-03,30.940000534057617,31.549999237060547,30.8799991607666,31.40999984741211,27933400.0
2023-08-04,31.360000610351562,31.670000076293945,31.170000076293945,31.299999237060547,30768100.0
2023-08-07,31.40999984741211,31.899999618530273,31.40999984741211,31.8799991607666,31745200.0
2023-08-08,31.299999237060547,31.309999465942383,30.479999542236328,31.270000457763672,45951800.0
2023-08-09,31.219999313354492,31.280000686645508,30.829999923706055,30.860000610351562,30732100.0
2023-08-10,31.010000228881836,31.31999969482422,30.799999237060547,30.940000534057617,26062600.0
2023-08-11,30.799999237060547,31.399999618530273,30.75,31.290000915527344,35720700.0
2023-08-14,31.049999237060547,31.110000610351562,30.75,30.93000030517578,32563700.0
2023-08-15,30.5,30.549999237060547,29.84000015258789,29.940000534057617,43406100.0
2023-08-16,29.75,29.84000015258789,29.209999084472656,29.290000915527344,47220400.0
2023-08-17,29.440000534057617,29.540000915527344,29.110000610351562,29.280000686645508,37202200.0
2023-08-18,29.040000915527344,29.350000381469727,28.979999542236328,29.110000610351562,31430400.0
2023-08-21,29.219999313354492,29.299999237060547,28.799999237060547,29.149999618530273,34959000.0
2023-08-22,29.1299991607666,29.239999771118164,28.420000076293945,28.440000534057617,37564200.0
2023-08-23,28.450000762939453,28.510000228881836,28.18000030517578,28.450000762939453,44686600.0
2023-08-24,28.399999618530273,28.790000915527344,28.3700008392334,28.6200008392334,31934800.0
2023-08-25,28.639999389648438,28.790000915527344,28.299999237060547,28.5,34253200.0
2023-08-28,28.690000534057617,29.0,28.56999969482422,28.760000228881836,33075200.0
2023-08-29,28.889999389648438,29.260000228881836,28.719999313354492,29.170000076293945,30428200.0
2023-08-30,29.219999313354492,29.270000457763672,28.93000030517578,29.040000915527344,33366400.0
2023-08-31,28.93000030517578,28.969999313354492,28.530000686645508,28.670000076293945,37243000.0
2023-09-01,28.760000228881836,29.1299991607666,28.760000228881836,28.979999542236328,35228600.0
2023-09-05,28.940000534057617,29.1200008392334,28.5,28.649999618530273,46543600.0
2023-09-06,28.399999618530273,28.559999465942383,28.1200008392334,28.389999389648438,45022600.0
2023-09-07,28.40999984741211,28.549999237060547,28.059999465942383,28.1299991607666,35023600.0
2023-09-08,28.1200008392334,28.3799991607666,27.959999084472656,28.360000610351562,36513900.0
2023-09-11,28.510000228881836,28.760000228881836,28.399999618530273,28.479999542236328,34168300.0
2023-09-12,28.459999084472656,29.139999389648438,28.399999618530273,28.969999313354492,42284000.0
2023-09-13,29.1200008392334,29.190000534057617,28.700000762939453,28.8799991607666,37215700.0
2023-09-14,29.170000076293945,29.440000534057617,29.100000381469727,29.200000762939453,44634800.0
2023-09-15,28.950000762939453,29.09000015258789,28.75,28.84000015258789,61661100.0
2023-09-18,28.799999237060547,28.799999237060547,28.489999771118164,28.760000228881836,25752300.0
2023-09-19,28.760000228881836,28.940000534057617,28.510000228881836,28.649999618530273,34888100.0
2023-09-20,28.809999465942383,28.969999313354492,28.530000686645508,28.549999237060547,26641100.0
2023-09-21,28.360000610351562,28.59000015258789,28.020000457763672,28.049999237060547,39906000.0
2023-09-22,28.06999969482422,28.190000534057617,27.600000381469727,27.639999389648438,41284400.0
2023-09-25,27.5,27.6200008392334,27.350000381469727,27.600000381469727,32749200.0
2023-09-26,27.34000015258789,27.5,27.010000228881836,27.170000076293945,42237400.0
2023-09-27,27.229999542236328,27.610000610351562,27.06999969482422,27.270000457763672,38296300.0
2023-09-28,27.170000076293945,27.639999389648438,27.170000076293945,27.559999465942383,36734300.0
2023-09-29,27.889999389648438,27.989999771118164,27.270000457763672,27.3799991607666,40645900.0
2023-10-02,27.270000457763672,27.360000610351562,26.579999923706055,26.700000762939453,50388600.0
2023-10-03,26.489999771118164,26.520000457763672,25.81999969482422,25.90999984741211,62144500.0
2023-10-04,25.8799991607666,26.010000228881836,25.579999923706055,25.940000534057617,55696400.0
2023-10-05,25.780000686645508,26.09000015258789,25.559999465942383,26.059999465942383,49044100.0
2023-10-06,25.770000457763672,26.229999542236328,25.469999313354492,26.06999969482422,58177300.0
2023-10-09,25.760000228881836,26.360000610351562,25.719999313354492,26.309999465942383,39953700.0
2023-10-10,26.610000610351562,27.299999237060547,26.56999969482422,27.010000228881836,51960100.0
2023-10-11,27.170000076293945,27.440000534057617,26.899999618530273,27.020000457763672,38508200.0
2023-10-12,26.969999313354492,27.079999923706055,26.610000610351562,26.899999618530273,44249800.0
2023-10-13,27.43000030517578,27.719999313354492,26.520000457763672,26.760000228881836,55089700.0
2023-10-16,27.15999984741211,27.18000030517578,26.770000457763672,26.989999771118164,56817500.0
2023-10-17,27.049999237060547,27.8700008392334,26.719999313354492,27.6200008392334,95344200.0
2023-10-18,27.540000915527344,28.040000915527344,27.209999084472656,27.309999465942383,68371100.0
2023-10-19,27.25,27.780000686645508,26.8799991607666,26.959999084472656,58611000.0
2023-10-20,26.799999237060547,26.940000534057617,26.239999771118164,26.309999465942383,62058400.0
2023-10-23,26.1299991607666,26.209999084472656,25.520000457763672,25.56999969482422,59857200.0
2023-10-24,25.739999771118164,25.8700008392334,25.399999618530273,25.469999313354492,55975700.0
2023-10-25,25.3799991607666,25.649999618530273,25.18000030517578,25.549999237060547,45522400.0
2023-10-26,25.489999771118164,26.360000610351562,25.440000534057617,26.1200008392334,60921000.0
2023-10-27,26.06999969482422,26.06999969482422,24.959999084472656,25.170000076293945,64709300.0
2023-10-30,25.31999969482422,25.780000686645508,25.280000686645508,25.690000534057617,41891900.0
2023-10-31,25.739999771118164,26.3799991607666,25.719999313354492,26.34000015258789,50106700.0
2023-11-01,26.440000534057617,26.6200008392334,26.149999618530273,26.399999618530273,44046300.0
2023-11-02,26.709999084472656,27.65999984741211,26.59000015258789,27.6200008392334,63278300.0
2023-11-03,28.15999984741211,28.93000030517578,28.1299991607666,28.420000076293945,62613600.0
2023-11-06,28.559999465942383,28.770000457763672,28.020000457763672,28.329999923706055,45548000.0
2023-11-07,28.049999237060547,28.260000228881836,27.950000762939453,28.15999984741211,33081900.0
2023-11-08,28.15999984741211,28.200000762939453,27.670000076293945,27.889999389648438,31896000.0
2023-11-09,28.06999969482422,28.079999923706055,27.399999618530273,27.530000686645508,32267900.0
2023-11-10,27.760000228881836,27.770000457763672,27.34000015258789,27.68000030517578,32858500.0
2023-11-13,27.540000915527344,27.850000381469727,27.420000076293945,27.700000762939453,28521800.0
2023-11-14,28.5,29.40999984741211,28.469999313354492,29.219999313354492,66676300.0
2023-11-15,29.200000762939453,29.729999542236328,29.200000762939453,29.6200008392334,46968900.0
2023-11-16,29.43000030517578,29.700000762939453,29.219999313354492,29.540000915527344,36952800.0
2023-11-17,29.709999084472656,30.0,29.549999237060547,29.979999542236328,38493300.0
2023-11-20,29.979999542236328,30.25,29.75,30.010000228881836,46783400.0
2023-11-21,29.989999771118164,29.989999771118164,29.549999237060547,29.65999984741211,41611900.0
2023-11-22,29.739999771118164,29.790000915527344,29.520000457763672,29.6299991607666,41422700.0
2023-11-24,29.479999542236328,29.889999389648438,29.479999542236328,29.729999542236328,15815600.0
2023-11-27,29.600000381469727,29.690000534057617,29.510000228881836,29.559999465942383,42039500.0
2023-11-28,29.530000686645508,29.649999618530273,29.31999969482422,29.530000686645508,29705800.0
2023-11-29,29.8799991607666,30.610000610351562,29.809999465942383,30.309999465942383,57954900.0
2023-11-30,30.209999084472656,30.549999237060547,30.040000915527344,30.489999771118164,52547700.0
2023-12-01,30.399999618530273,31.049999237060547,30.350000381469727,30.959999084472656,46133300.0
2023-12-04,30.530000686645508,31.0,30.520000457763672,30.81999969482422,37811300.0
2023-12-05,30.68000030517578,30.790000915527344,30.329999923706055,30.579999923706055,45723100.0
2023-12-06,30.780000686645508,31.520000457763672,30.440000534057617,30.530000686645508,49803100.0
2023-12-07,30.59000015258789,30.93000030517578,30.540000915527344,30.65999984741211,32699600.0
2023-12-08,30.670000076293945,31.139999389648438,30.610000610351562,30.959999084472656,34794300.0
2023-12-11,30.920000076293945,31.079999923706055,30.709999084472656,30.850000381469727,32254000.0
2023-12-12,30.770000457763672,30.860000610351562,30.450000762939453,30.739999771118164,34566700.0
2023-12-13,30.75,32.130001068115234,30.6299991607666,32.040000915527344,60311100.0
2023-12-14,32.619998931884766,34.06999969482422,32.56999969482422,33.939998626708984,107190000.0
2023-12-15,33.81999969482422,34.02000045776367,33.290000915527344,33.599998474121094,83771800.0
2023-12-18,33.709999084472656,33.790000915527344,33.40999984741211,33.43000030517578,40694700.0
2023-12-19,33.029998779296875,33.66999816894531,32.79999923706055,33.5099983215332,44534800.0
2023-12-20,33.380001068115234,33.709999084472656,32.95000076293945,32.97999954223633,44711400.0
2023-12-21,33.2400016784668,33.45000076293945,32.88999938964844,33.20000076293945,32325700.0
2023-12-22,33.209999084472656,33.66999816894531,33.20000076293945,33.43000030517578,37265900.0
2023-12-26,33.45000076293945,33.959999084472656,33.369998931884766,33.86000061035156,24845400.0
2023-12-27,33.79999923706055,33.95000076293945,33.65999984741211,33.84000015258789,24498600.0
2023-12-28,33.81999969482422,33.970001220703125,33.77000045776367,33.880001068115234,21799600.0
2023-12-29,33.939998626708984,33.9900016784668,33.54999923706055,33.66999816894531,28060700.0
